year	    2016	2017	2018	2019	2020	2021	2022	2023	2024	2025
FESA4.SA	0,034	0,056	0,74	0,064	0,042	0,135	0,189	0,139	0,156	0,220
VALE3.SA	7,70	2,2	    1,8	    1,6 	2,6 	3,8 	5,2 	7,5 	7,8 	8,8
EGIE3.SA	0,85	5,46	2,52	3,17	2,42	3,21	2,05	2,13	3,36	5,10
ITUB3.SA	1,75	1,94	2,15	2,37	2,02	2,15	2,55	2,55	2,86	3,10
AXIA3.SA	0,00	0,00	0,00	0,00	0,00	0,00	0,00	0,00	0,00	0,00
BPAC11.SA	0,00	0,00	0,00	0,00	0,00	0,00	0,00	0,00	0,00	0,00
BRBI11.SA 	0,00	0,00	0,00	0,00	0,00	0,00	0,00	0,00	0,00	0,00
AURA33.SA	0,00	0,00	0,00	0,00	0,00	0,00	0,00	0,00	0,00	0,00
VBBR3.SA	0,00	0,00	0,00	0,00	0,00	0,00	0,00	0,00	0,00	0,00
RANI3.SA	0,00	0,00	0,00	0,00	0,00	0,00	0,00	0,00	0,00	0,00
LEVE3.SA	0,00	0,00	0,00	0,00	0,00	0,00	0,00	0,00	0,00	0,00
GRP31.SA 	0,00	0,00	0,00	0,00	0,00	0,00	0,00	0,00	0,00	0,00
ALOS3.SA	0,00	0,00	0,00	0,00	0,00	0,00	0,00	0,00	0,00	0,00
