year	2016	2017	2018	2019	2020	2021	2022	2023	2024	2025
FESA4.SA	0,160	0,018	0,207	-0,071	0,060	0,383	0,813	0,231	0,260	0,132
VALE3.SA	5,00	28,57	47,00	20,75	50,97	101,48	34,03	34,48	19,42	10,30
EGIE3.SA	3,57	-2,60	1,81	2,50	2,02	0,35	1,65	2,54	1,55	2,30
ITUB3.SA	22,15	24,88	25,73	28,40	18,54	26,88	30,88	35,02	41,40	46,83
AXIA3.SA	0,00	1,69	0,00	2,23	1,86	2,65	0,81	0,40	0,11	2,08
BPAC11.SA	0,53	0,35	0,39	0,52	0,52	0,78	0,92	1,07	1,22	1,56
BRBI11.SA 	0,00	0,00	0,00	0,00	0,00	0,53	1,21	1,48	1,49	1,57
AURA33.SA	0,00	0,00	0,00	0,00	0,00	2,02	0,29	0,70	1,22	2,77
VBBR3.SA	0,46	0,53	0,65	0,86	0,95	1,01	0,59	0,95	1,15	1,26
RANI3.SA	0,11	0,12	0,14	0,13	0,18	0,23	0,44	0,38	0,42	0,45
LEVE3.SA	1,48	1,64	2,00	2,20	0,96	2,32	3,08	2,72	2,84	3,00
GRP31.SA 	0,00	0,00	0,00	0,00	0,00	0,00	0,00	0,00	0,00	0,00
ALOS3.SA	0,22	0,25	0,28	0,31	0,22	0,79	0,91	0,83	1,12	2,15
