ANOs        2026	2027	2028	2029	2030	2031	2032	2033	2034	2035
FESA4.SA	-0,007 	-0,042 	-0,060 	-0,011 	0,092	0,160	0,160	0,160	0,160	0,160
VALE3.SA	0,43	3,07	4,43	4,43	5,83	8,3	10,17	11,06	11,06	11,06
EGIE3.SA	0	0	0	0	0	0	0	0	0	0
ITUB3.SA	0	0	0	0	0	0	0	0	0	0
AXIA3.SA	0	0	0	0	0	0	0	0	0	0
BPAC11.SA	0	0	0	0	0	0	0	0	0	0
BRBI11.SA 	0	0	0	0	0	0	0	0	0	0
AURA33.SA	0	0	0	0	0	0	0	0	0	0
VBBR3.SA	0	0	0	0	0	0	0	0	0	0
RANI3.SA	0	0	0	0	0	0	0	0	0	0
LEVE3.SA	0	0	0	0	0	0	0	0	0	0
GRP31.SA 	0	0	0	0	0	0	0	0	0	0
ALOS3.SA	0	0	0	0	0	0	0	0	0	0
