ANOS	2016	2017	2018	2019	2020	2021	2022	2023	2024	2025
FESA4.SA	0.2014	0.3125	0.2931	0.3213	0.2278	1.4253	4.8587	2.7403	0.5262	0.72996
VALE3.SA	0.17	1.33	1.97	1.41	2.41	14.65	7.58	6.08	5.35	7.62
EGIE3.SA	1.51	2.23	4.22	1.62	1.72	1.79	2.99	2.9	2.67	1.85
ITUB3.SA	0.83	0.32	2.22	2.8	1.3	0.96	1.02	1.26	1.29	4.73
AXIA3.SA	0	0	0	0	0	0	0	0	0	0
BPAC11.SA	0	0	0	0	0	0	0	0	0	0
BRBI11.SA 	0	0	0	0	0	0	0	0	0	0
AURA33.SA	0	0	0	0	0	0	0	0	0	0
VBBR3.SA	0	0	0	0	0	0	0	0	0	0
RANI3.SA	0	0	0	0	0	0	0	0	0	0
LEVE3.SA	0	0	0	0	0	0	0	0	0	0
GRP31.SA 	0	0	0	0	0	0	0	0	0	0
ALOS3.SA	0	0	0	0	0	0	0	0	0	0
